date,from,subject,body,request_type,category,actions,priority,processed_timestamp
15-11-2024,john.doe@example.com,Request for Policy Update and Premium Inquiry,"Dear Team, I would like to update my policy information and also inquire about the premium payment details for the upcoming cycle. Best regards, John Doe.",Policy Modification - Client requests changes to existing policy information.,Policy Update,"Review existing policy details to identify any discrepancies or updates required.
Contact the client to gather specific information on the desired policy modifications.
Process the policy changes as per the client's request and provide confirmation.
Verify the updated policy information with the client to ensure accuracy and completeness.",Medium,17-11-2024 15:35
14-11-2024,jane.smith@example.com,Health Claim Submission,"Hello, I am submitting a health claim for my recent hospital visit. Attached are the required documents. Please confirm receipt. Thank you, Jane Smith.",Claim Documentation - Submission of health claim-related documents,Claim,"Review the attached documents for completeness and validity
Process the submitted claim according to established protocols
Contact the claimant for any additional information or documentation required",Medium,17-11-2024 15:35
13-11-2024,mike.jones@example.com,Billing Issue: Overcharged Premium,"Hi, I noticed an overcharge in my last premium payment. Could you please review my account and issue a correction? Regards, Mike Jones.",Billing Issue - Overcharged Premium,Billing,"Review Mike Jones's account to verify the overcharge
Process a correction to adjust the premium amount
Contact Mike Jones to confirm the correction",Medium,17-11-2024 15:35
12-11-2024,emily.brown@example.com,Request for New Policy Quote,"Hi, I am interested in a new life insurance policy. Could you provide me with a quote for a 20-year term plan with $500,000 coverage? Thank you, Emily Brown.",Policy Information Request,Unknown,"Review customer request details
Determine appropriate department for handling
Process request according to standard procedures
Send confirmation and next steps to customer",Medium,17-11-2024 15:35
11-11-2024,chris.green@example.com,Travel Insurance Claim Inquiry,"Dear Support, I submitted a travel insurance claim last week and wanted to check on the status. Please let me know if additional documents are needed. Regards, Chris.",Claim Status Inquiry - The email inquires about the status of a previously submitted travel insurance claim.,Unknown,"Review customer request details
Determine appropriate department for handling
Process request according to standard procedures
Send confirmation and next steps to customer",Medium,17-11-2024 15:35
10-11-2024,sarah.white@example.com,Vehicle Accident Claim Submission,"Good morning, I am submitting a claim for my vehicle accident that occurred on 2024-11-08. All required documents are attached. Please confirm receipt. Thanks, Sarah.",New Claim Submission - Claim submission for vehicle accident that occurred on 2024-11-08.,Claim,"Review attached documents for completeness.
Verify accident details and coverages.
Process claim and determine coverage eligibility.
Contact Sarah to provide status updates and guidance.",High,17-11-2024 15:35
09-11-2024,david.black@example.com,Policy Cancellation Request,"Hi, I would like to cancel my auto insurance policy effective immediately. Please let me know the necessary steps. Regards, David Black.",Policy Cancellation - Request to end an auto insurance policy immediately.,Policy Update,"Review the request and confirm the policyholder's identity.
Verify the effective cancellation date requested by the policyholder.
Process the cancellation and issue a confirmation to the policyholder.",Medium,17-11-2024 15:35
08-11-2024,laura.lee@example.com,Premium Payment Assistance Needed,"Hello, I am facing financial difficulties and would like to know if there are any assistance programs for premium payments. Thank you, Laura Lee.",Premium Payment Issue - Request for assistance with premium payments due to financial difficulties,Billing,"Contact Laura Lee to gather additional financial information and explore assistance options.
Review Laura Lee's policy and account status for eligibility programs.
Process the premium assistance request if applicable.",Medium,17-11-2024 15:35
07-11-2024,andrew.gray@example.com,Claim Status Inquiry,"Hi, I filed a claim for my home insurance policy on 2024-10-20. Could you provide me with an update on the status? Regards, Andrew Gray.",Claim Status Inquiry - Inquiry about the status of an existing claim,Claim,"Review the claim record with the provided date and policy number
Check for updates and gather information on the claim status
Contact Andrew Gray with the latest information",Medium,17-11-2024 15:35
06-11-2024,kelly.adams@example.com,Technical Issue with Online Portal,"Dear IT Support, I am unable to log in to the online portal to view my policy details. Please assist in resolving this issue. Thanks, Kelly Adams.",Portal Access Problem - Unable to log in to the online portal,Technical Support,"Contact Kelly Adams to gather more details about the issue and confirm her identity.
Review Kelly's account and check for any technical errors or login credentials issues.
Verify that Kelly can successfully log in and access her policy details.",Medium,17-11-2024 15:35
